customer_id,customer_name,email,location,registration_date
1,Dominique de Petitjean,noemi54@example.org,Maillot-les-Bains,2025-05-14
2,Adrienne Joly Le David,carpentiersusan@example.org,Lefèvre-sur-Auger,2025-04-27
3,Christine Tanguy,mendeslucie@example.com,Saint Constance,2025-04-24
4,Victoire Pascal,benoit97@example.net,Colin,2025-05-17
5,Antoine Guillot,jsimon@example.net,Costaboeuf,2025-05-02
6,Christine Carpentier,gonzalezstephane@example.com,Philippedan,2025-05-01
7,Alain Joseph-Da Silva,renaudyves@example.net,Michel,2025-05-01
8,Michelle-Juliette Chauvin,hardymatthieu@example.com,Vincent,2025-04-28
9,Gabriel Ledoux,kribeiro@example.net,Meyer-la-Forêt,2025-05-17
10,Maryse-Véronique Joubert,ineveu@example.org,Saint Alicedan,2025-04-27
11,Théodore Monnier,gschneider@example.com,Bonneau,2025-05-15
12,Philippe Buisson du Roy,jdupont@example.org,Louis-sur-Mer,2025-05-17
13,Richard Bonnin,marchandvincent@example.com,Robert,2025-05-22
14,Gabriel Bertin-Michaud,ggilles@example.com,Saint Lucas-sur-Mer,2025-05-11
15,Arthur De Oliveira,regnieremile@example.org,Vallée-la-Forêt,2025-04-26
16,Aimé Maillot,lagardeeleonore@example.com,Rousset-sur-Mer,2025-05-12
17,Aurore Cohen,georgeslefevre@example.net,Bouvet,2025-05-07
18,Anaïs Hubert,michel08@example.com,ThierryBourg,2025-04-25
19,Yves Picard,laurence44@example.net,Saint Tristan,2025-04-24
20,Marcelle Lamy,tguilbert@example.com,Ferreira-les-Bains,2025-04-26
21,Marc Lejeune,zfleury@example.com,Saint AlixVille,2025-04-30
22,Alfred Joly,dgarcia@example.com,Bruneldan,2025-05-01
23,Isabelle Becker,marchandisaac@example.net,Toussaint-sur-Delaunay,2025-05-10
24,Noël Schmitt,lecoqaudrey@example.net,Guillaume,2025-05-13
25,Joseph Mary de Gilbert,jeannine42@example.net,Deschamps-sur-Andre,2025-04-24
26,Gabrielle Munoz,craynaud@example.org,Guillaume-la-Forêt,2025-05-11
27,Stéphane Marchand,lucegaillard@example.com,Saint Margot,2025-04-30
28,Chantal-Louise Guillet,sauvageclaudine@example.com,Chauveau,2025-05-16
29,Anastasie Vallée,rene47@example.org,Pinto,2025-05-14
30,Christiane Turpin-Mendès,chretienbernard@example.com,Duhamel,2025-05-16
31,Thérèse Bonneau de la Courtois,marielebon@example.com,Paul,2025-05-11
32,Océane François,susanne43@example.com,Lefèvre,2025-05-07
33,Élisabeth Blin,traorevalentine@example.com,Thomas,2025-05-01
34,Martin Legros,nathalie36@example.net,Sainte Cécile-sur-Mer,2025-05-08
35,Thibault du Torres,daniel58@example.net,Blanc-sur-Mer,2025-05-12
36,Luc Charpentier,olivier41@example.net,Martinboeuf,2025-05-02
37,Françoise Valette,remyda-silva@example.net,Roy-sur-Girard,2025-05-19
38,Lucas Rodrigues,talves@example.com,FernandesBourg,2025-05-21
39,Alix Blot,henri98@example.org,Sainte Alainnec,2025-04-24
40,Aimée Ribeiro,chardy@example.com,Léger-sur-Benoit,2025-05-18
41,Grégoire Vallée,duvalsabine@example.net,Charrier,2025-05-19
42,Denis Chrétien,weissguy@example.net,Gaudin,2025-04-29
43,Georges Rodrigues,lucy14@example.com,Massonboeuf,2025-05-16
44,Frédérique Gomez,sdumas@example.com,Martin-sur-Ledoux,2025-05-07
45,Alice Lelièvre de la Teixeira,laurepires@example.net,FleuryBourg,2025-05-04
46,Élisabeth Dufour-Cohen,delmasjacqueline@example.com,Saint Maggie-la-Forêt,2025-05-02
47,Laurent Rousset,manoncarpentier@example.org,Saint Jacqueline,2025-04-28
48,Constance de la Buisson,theophile09@example.org,JosephVille,2025-04-30
49,Nathalie Tessier de la Raymond,launaybrigitte@example.net,Evrard,2025-05-18
50,Gilbert Le Martin,ugeorges@example.org,Colas,2025-05-04
51,Victoire de la Meunier,faubry@example.org,Gaillard,2025-04-27
52,Élodie Marie,sgaillard@example.org,Jacob-sur-Mer,2025-04-26
53,Grégoire de la Fontaine,elodiechauveau@example.net,Gautier,2025-05-06
54,Raymond Vaillant,pierre65@example.net,Martel-sur-Descamps,2025-04-27
55,Yves Bertrand,pintomarguerite@example.net,Evrardboeuf,2025-05-05
56,Honoré Rodrigues de Chevalier,potierhenri@example.com,Aubertnec,2025-05-21
57,Tristan-Pierre Dupont,gregoiremartin@example.net,Sainte Hugues,2025-05-05
58,Élodie Turpin,anaismonnier@example.com,Rémy,2025-05-13
59,Sabine Legros,elise04@example.org,Fischer,2025-05-02
60,Thibault-Eugène Hoarau,letellierhortense@example.org,Voisin-sur-Roussel,2025-05-19
61,Paul Garcia,reneetexier@example.net,Martelboeuf,2025-04-25
62,Pénélope Renault,hervelucie@example.net,Godarddan,2025-05-17
63,Monique Goncalves,astridmaury@example.net,Collet,2025-05-08
64,Sébastien Da Silva,sle-roux@example.org,Labbé-sur-Lévy,2025-05-11
65,Thibault Girard,laetitia84@example.com,Neveu-sur-Mer,2025-04-27
66,Pénélope Le Poulain,zlamy@example.net,Olliviernec,2025-05-23
67,Étienne Weiss,clemence56@example.net,Le Roux-sur-Verdier,2025-05-06
68,Eugène Maréchal,colette51@example.org,Barbier,2025-04-26
69,Alexandre Leconte,foucherlouise@example.net,Sainte Aimé,2025-05-11
70,Céline-Alix Boyer,hugues88@example.net,Sainte Alixdan,2025-05-03
71,Théodore Guyot,ndiaz@example.net,Sainte GabrielVille,2025-05-20
72,Roland Maury,morvanauguste@example.org,Sainte Océane,2025-05-14
73,Marc de De Oliveira,noelclement@example.com,Delaunaydan,2025-05-13
74,Geneviève Duval,theophile60@example.com,Lenoir,2025-05-22
75,Noémi Devaux,bruneaudenis@example.com,Dupré-sur-Adam,2025-05-21
76,Luce de la Noël,williamlenoir@example.net,Salmon-la-Forêt,2025-05-05
77,Isaac Thibault,denislelievre@example.net,Sainte Henriboeuf,2025-05-12
78,Valentine du Ruiz,noelstephanie@example.org,HumbertVille,2025-04-30
79,Susan Bourgeois,grosmartin@example.org,Bodinnec,2025-05-16
80,Anouk Riou,capucine13@example.net,Maury,2025-04-26
81,Nath Paris,marianne08@example.com,Germain-les-Bains,2025-04-25
82,Auguste-Timothée Clerc,denis43@example.com,Maillet-sur-Vincent,2025-05-15
83,Luc Labbé de la Raymond,dbreton@example.com,BernierBourg,2025-05-01
84,Honoré Germain de Moreno,martinedupuis@example.org,Jacquesboeuf,2025-05-18
85,Vincent de la Langlois,andrephilippine@example.org,Benoit,2025-05-03
86,Yves Petitjean,bguillet@example.org,Saint Édith-la-Forêt,2025-04-26
87,Charlotte Thibault,adelaidelenoir@example.net,RocherVille,2025-05-21
88,Clémence Rousset,victoire79@example.org,Blin,2025-05-01
89,Arnaude de Baron,catherinedelannoy@example.com,Dos Santos-les-Bains,2025-05-21
90,Marianne-Mathilde Hubert,jcohen@example.com,Guillaume,2025-04-27
91,Thierry Pages de Legros,wramos@example.net,Bousquet,2025-05-06
92,Hugues Marques,cbesson@example.net,Colin,2025-05-02
93,Isaac-Richard Cohen,aimee84@example.com,Descamps,2025-05-08
94,Paulette Lebreton,bouchetalice@example.net,Letellier,2025-05-14
95,Agathe Rousset,lhoarau@example.net,Normand,2025-05-20
96,Julien Da Costa,perrinanais@example.org,PerrierBourg,2025-05-05
97,Constance Mace,gillesmillet@example.com,Lemaître,2025-04-29
98,Alphonse Samson de la Vaillant,dgomes@example.com,Lombard,2025-05-05
99,Noël Boucher,josephineboulanger@example.net,Ribeironec,2025-05-05
100,Geneviève Hamon,patrickpereira@example.org,Jean,2025-04-30
101,Auguste Maury,baillyjuliette@example.com,Sainte Éléonoreboeuf,2025-05-15
102,Thomas Gay de Blin,alexandreraynaud@example.net,Saint Roland-la-Forêt,2025-05-02
103,Adèle Petitjean,andre97@example.net,Sainte Thomas,2025-05-16
104,Corinne Richard,cpons@example.net,Deschamps,2025-05-23
105,Adèle Chrétien,barbierzacharie@example.org,Sainte Clairenec,2025-05-15
106,Patrick Leduc,royoceane@example.com,Leduc,2025-05-14
107,Georges Faure,paulinelamy@example.net,Joseph,2025-04-26
108,Henriette Guilbert du Perrier,fleuryroger@example.com,Ollivierdan,2025-05-13
109,Françoise Le Gautier,ollivierlouis@example.net,Fernandez,2025-05-14
110,Catherine Pascal de Benoit,clairechretien@example.com,Bonnet-sur-Delaunay,2025-04-29
111,William Barthelemy-Lagarde,agneslenoir@example.net,Peron,2025-05-11
112,Aimé Picard,wramos@example.org,Dubois-les-Bains,2025-05-17
113,Paul Besnard,lainesuzanne@example.com,Lejeune,2025-05-01
114,Nicolas Barbier,martinleblanc@example.org,Guillaumeboeuf,2025-04-29
115,Renée Bouvet,leclercqlouise@example.net,Girard,2025-05-08
116,Daniel Lebreton,mathildebonnin@example.com,HebertBourg,2025-05-06
117,Marcel Costa-Lefebvre,michel78@example.net,Marin,2025-05-02
118,Célina Merle,jourdanguy@example.com,Ledoux-sur-Martins,2025-05-23
119,Maggie de la Louis,charlesvictor@example.net,Perret,2025-05-14
120,Luce Voisin,paulettelelievre@example.org,Lecomte,2025-05-16
121,Gérard-Adrien Fabre,veroniquelombard@example.net,Sainte ÉmileBourg,2025-05-11
122,Zacharie Guillet,slejeune@example.net,Marchal,2025-05-01
123,Michelle Lebrun,turpinadele@example.com,Renaultboeuf,2025-05-15
124,Thomas Le Dias,uvidal@example.com,Saint Gabrielle,2025-05-04
125,Susanne Besson de Clerc,thibault50@example.com,Descamps-la-Forêt,2025-05-20
126,Charlotte du Didier,margaud06@example.org,Fouquet,2025-05-18
127,Alice Dupré-Langlois,torresdenis@example.com,Sainte Carolineboeuf,2025-05-18
128,Aimé Salmon,abigot@example.net,Dupont,2025-04-25
129,Marie Roussel,eugenealves@example.com,Da Silva-sur-Bouvet,2025-05-01
130,Luce Rousseau-Marques,gomezandre@example.net,Tessier,2025-05-20
131,Théophile Lefort,ofaure@example.org,Tanguy,2025-04-25
132,François Marques,xlanglois@example.com,Valentin,2025-05-19
133,Adrien Pereira-Fernandez,sdupont@example.org,Roy,2025-05-04
134,Clémence Parent,lebrunrenee@example.net,Loiseau-sur-Mendès,2025-05-06
135,Océane Delorme,wprevost@example.com,LeconteBourg,2025-05-02
136,Yves Pichon,guillaume75@example.org,Saint Émilie,2025-04-26
137,Sébastien Lefebvre,tdias@example.org,Sainte Adrien,2025-04-30
138,Nathalie Barre,jpottier@example.com,Carpentier,2025-05-23
139,Sylvie Delorme-Henry,stephanie01@example.net,Goncalves,2025-05-12
140,Christophe Leclercq,jean22@example.com,Bouvet,2025-05-22
141,Maurice Huet,mperrin@example.com,Saint Thibaut,2025-05-16
142,Zoé Blin Le Normand,jroux@example.com,Vincent,2025-05-04
143,Élodie Regnier,tristanchevalier@example.org,Blot-les-Bains,2025-04-30
144,Stéphanie Faivre,sophie23@example.net,Faivre-sur-Antoine,2025-05-14
145,Nathalie Marty,eaubert@example.net,De Oliveiradan,2025-05-09
146,Dominique Roche,corinnerenard@example.net,Chartier,2025-05-06
147,David Lefebvre,rodrigueschristelle@example.net,Marionboeuf,2025-05-22
148,Éric Fournier,david34@example.com,Sainte François-les-Bains,2025-05-23
149,Andrée du Lefebvre,oceane96@example.com,Marchal,2025-05-14
150,Lucie Nguyen,robertrodriguez@example.org,Martinez,2025-05-08
151,Henri Morel de Barbier,mariannemorel@example.org,Schneider,2025-04-28
152,Jacques Lefort,sanchezrichard@example.net,RémyBourg,2025-05-02
153,Charles Maillard,pguillon@example.com,De Sousa-la-Forêt,2025-04-28
154,Thérèse Pinto,julie41@example.com,Turpin,2025-05-01
155,Noël Gosselin,hervedaniel@example.com,Prévost-les-Bains,2025-05-17
156,Rémy Berger,anastasieriou@example.net,Sainte FrédériqueVille,2025-05-11
157,Nicolas Guillou,paullecomte@example.org,Bonnet,2025-05-11
158,Nicolas Huet,antoinetteblin@example.net,Perretboeuf,2025-05-02
159,Antoine Devaux,oleger@example.org,Ferrand,2025-05-17
160,Olivier Weiss,stephaniemartins@example.org,Sainte Vincent-la-Forêt,2025-05-12
161,Jeannine Lefort,laetitia23@example.net,Sainte Mauricedan,2025-05-07
162,Julien Vallet,csanchez@example.net,Hervédan,2025-05-22
163,Claude du Germain,marianne39@example.net,Gaydan,2025-05-12
164,Anastasie Charles,pauline02@example.org,Sainte Alphonseboeuf,2025-05-06
165,Simone Tanguy de la Fischer,nathalie37@example.net,Sainte Aimée-la-Forêt,2025-05-05
166,Pauline Charpentier,wcamus@example.com,PerrotVille,2025-05-01
167,Louis Breton,susanne17@example.org,Marin,2025-04-28
168,Étienne Rivière,augustinandre@example.org,Ribeiro,2025-05-10
169,Élodie Reynaud,blotjeannine@example.net,De Sousa-la-Forêt,2025-05-09
170,Maurice Fernandes,bdurand@example.net,Hamel,2025-04-26
171,Zacharie Couturier,thierry36@example.net,Delmas,2025-05-18
172,Sébastien Dupré,vaillantvincent@example.com,Gay,2025-04-25
173,Théophile Huet Le Lopez,sdeschamps@example.net,Clément,2025-05-21
174,Christophe Normand,sebastien30@example.com,LebretonVille,2025-04-27
175,Luc du Prévost,olivie97@example.net,BessonVille,2025-04-28
176,Victoire Legendre,pruvosthenri@example.org,Roger,2025-05-14
177,Chantal Dupré,millethenriette@example.com,Malletnec,2025-04-29
178,Éléonore-Constance Thomas,dorotheeklein@example.net,Rousseau-la-Forêt,2025-05-19
179,Thibaut Leclerc,qvasseur@example.com,Muller,2025-05-15
180,Jeannine Robin,wmorel@example.net,Picard,2025-05-07
181,Émilie Perrin,lamycharles@example.com,Bertinboeuf,2025-05-13
182,Anne Toussaint de Carpentier,maryse03@example.org,Lenoirnec,2025-04-26
183,Marguerite Pires du Mathieu,jbazin@example.org,Philippe,2025-05-06
184,Étienne Barthelemy,lpoulain@example.com,Lopez-la-Forêt,2025-05-06
185,Aimé de la Leclercq,elodie74@example.net,Dumas,2025-05-13
186,Sébastien Alves,henryalain@example.org,ÉtienneBourg,2025-05-08
187,Nicole Perrin,josephinegodard@example.net,Saint Frédérique-sur-Mer,2025-05-10
188,Yves Pascal,ocolin@example.com,Normand,2025-05-02
189,Amélie de Rossi,emile55@example.com,Lerouxdan,2025-05-11
190,Eugène Leclercq,michellecomte@example.com,Saint Audreydan,2025-05-21
191,Adèle Ollivier,ollivierraymond@example.net,Clercboeuf,2025-04-24
192,Laurence Clerc-Philippe,eleonoremarie@example.net,Merle,2025-05-15
193,Gilles-Pierre Langlois,anne68@example.org,Payet,2025-05-17
194,Thierry Petitjean,pfouquet@example.net,Saint AiméBourg,2025-04-27
195,Guy Chauveau,alphonsepierre@example.net,Bruneau,2025-05-15
196,Vincent Bègue,raymondguy@example.com,Bertrand,2025-05-22
197,Michelle Carre,charlesadrien@example.net,ImbertBourg,2025-05-11
198,Pénélope Chauvin,franckmarchal@example.net,Marchal-sur-Guilbert,2025-05-18
199,Théodore Maillard Le Letellier,pintopatricia@example.net,Marty-les-Bains,2025-05-02
200,Aimé Bouvier,rene42@example.org,Cordier,2025-05-18
201,Adrien Daniel,margotle-gall@example.net,Andre,2025-05-14
202,Yves Guillaume,francoiselouis@example.com,Perrin-la-Forêt,2025-05-04
203,Valérie Rousseau,paulettevaillant@example.com,Vaillant,2025-04-27
204,Lucas Perrier,veronique56@example.com,Hamon-sur-Bernier,2025-05-03
205,Jacques-Franck Lejeune,alphonse59@example.org,Valette-la-Forêt,2025-05-07
206,René Rossi,maryse73@example.org,JacobBourg,2025-04-29
207,Daniel de la Denis,manon92@example.net,Saint Marie,2025-05-08
208,Nicolas Thierry,jean75@example.com,Mathieu,2025-04-24
209,Arnaude Pelletier,sebastienimbert@example.net,Sainte Alexandria-les-Bains,2025-05-17
210,Luc Lemoine,choarau@example.net,Allain,2025-05-22
211,Sophie Roche,bboutin@example.org,Vidal-sur-Berthelot,2025-05-17
212,Édouard Lemaire,edithdos-santos@example.net,Jacques-sur-Mer,2025-05-02
213,Thibaut Rodrigues,adrienne27@example.net,Denisnec,2025-05-10
214,Philippine Da Silva-Mahe,brigitte18@example.net,Mallet-sur-Mallet,2025-05-18
215,Alphonse Schmitt,alexandrie72@example.com,Hamon,2025-04-29
216,Jeanne Rodrigues Le Rémy,juliettelucas@example.net,Jean,2025-05-10
217,Alfred Brun,constance76@example.org,Sainte Martin-la-Forêt,2025-05-23
218,Julien Monnier,benjaminle-gall@example.net,Petitjean-sur-Dubois,2025-04-27
219,Patricia Delannoy,vidalanne@example.com,Blanchardnec,2025-05-21
220,Lorraine Garnier,oceane55@example.com,Perrot,2025-05-14
221,Henri Raynaud,olivier81@example.org,Becker-sur-Boutin,2025-05-03
222,Christophe Bruneau-Adam,baronsophie@example.net,Adam,2025-05-20
223,Jacqueline Valette,kroy@example.net,Schneider-sur-Fernandez,2025-05-14
224,Marie Moreau,picardalfred@example.com,Henrynec,2025-05-10
225,Pierre Gay de la Rousseau,josephine70@example.com,Saint DorothéeVille,2025-05-13
226,Corinne Poirier,audrey59@example.org,Saint Aurorenec,2025-04-30
227,Emmanuel-Franck Fontaine,launaycapucine@example.org,Lopes,2025-04-28
228,Emmanuel Potier,victoirefabre@example.com,Sainte AlainBourg,2025-05-05
229,Hugues Maillet,charriercelina@example.net,Cousin,2025-05-18
230,Élodie Barbier,lagardeanne@example.net,Ollivier,2025-04-29
231,Philippe Lefort,bousquetfranck@example.net,Antoine-sur-Mer,2025-05-11
232,Inès Rivière,vjacquot@example.org,Sainte Honorédan,2025-05-18
233,Élise Renard,amelie90@example.org,CharlesBourg,2025-05-23
234,Denis Guyot,lucy68@example.net,Lagarde-sur-Guillou,2025-05-10
235,Laure Couturier,albertthibaut@example.net,Renaultdan,2025-05-23
236,Luce Guillon Le Hernandez,aubertagnes@example.net,Rivière-sur-Mer,2025-04-24
237,Jeanne-Catherine Hoarau,fernandesfrancoise@example.com,GuyonVille,2025-05-13
238,Maurice Simon,nath69@example.org,Alexandre,2025-05-04
239,Anouk Leduc,sebastien18@example.com,Dupont,2025-05-09
240,Manon Coste-Boyer,margueritelaroche@example.com,Vaillant,2025-04-24
241,Élodie Dias,jguyon@example.net,Regnier,2025-04-27
242,Madeleine Lamy du Albert,chartiermichel@example.com,Perez,2025-05-23
243,Jérôme Rémy,adrienne16@example.org,Martel,2025-05-05
244,Claire Gimenez,jpoirier@example.com,David,2025-05-22
245,Clémence du Godard,thierry97@example.com,Arnaud,2025-05-20
246,Geneviève Morin de la Launay,noemi55@example.net,Bodin,2025-05-19
247,Émile Grondin,philippine83@example.net,Dubois,2025-05-03
248,François Maillard,louisfouquet@example.net,Ollivierdan,2025-05-01
249,Guy Legros,qbigot@example.net,Sainte Laure,2025-04-25
250,Maggie Martineau de Brunel,alice38@example.org,Schneider-la-Forêt,2025-05-01
251,Théophile Gallet-Marin,mcosta@example.org,Saint Christiane,2025-05-22
252,Augustin Clerc du Olivier,gregoirechristophe@example.net,Rey-la-Forêt,2025-05-12
253,Xavier Masse,lucylelievre@example.com,Laporte-sur-Mer,2025-04-26
254,François Lopez,juliette75@example.net,VerdierVille,2025-04-26
255,Stéphanie Pierre-Royer,astriddelorme@example.net,Ollivier,2025-05-17
256,Virginie-Aurore Fernandez,rolandjulien@example.org,Sainte AndréBourg,2025-05-09
257,Zacharie Dumont,martinsagathe@example.net,De Sousa,2025-05-20
258,Capucine Albert,louiseugene@example.net,Meyer,2025-04-26
259,Thérèse Moreau,rolandvasseur@example.com,LouisVille,2025-05-18
260,Daniel Tessier-Gérard,ycouturier@example.com,Saint Valérie,2025-05-11
261,Thomas Le Roux,hgregoire@example.org,Bretondan,2025-05-18
262,Édouard Vincent,rolandparis@example.net,Nicolas-les-Bains,2025-04-28
263,Monique Gaillard-Lebrun,gabrielmaillard@example.com,Saint Caroline,2025-04-28
264,Céline Daniel,hervecolette@example.com,Ledoux,2025-05-15
265,Paul Maillard,boulayaugustin@example.net,Saint Amélieboeuf,2025-05-09
266,Eugène Gallet,imartins@example.com,Neveu,2025-05-11
267,Henri Bigot,jeannine05@example.com,Bazin,2025-04-29
268,Dominique de Gaillard,bonneaueleonore@example.net,BazinVille,2025-05-02
269,Paulette-Philippine Le Goff,suzanneroche@example.org,Meunier,2025-05-10
270,Lucas Le Martineau,qleconte@example.net,Sainte Philippine,2025-05-21
271,Stéphane Valette,rmarchand@example.org,Maillard,2025-05-13
272,Michel de la Pelletier,albertbertrand@example.com,Roynec,2025-05-07
273,Laurent Blanc,fernandezarnaude@example.org,Martinez,2025-04-30
274,Victoire-Constance Foucher,gregoiredubois@example.net,Clément,2025-05-23
275,Antoine Becker,ctorres@example.org,Saint Maggie-la-Forêt,2025-05-11
276,Stéphanie Peron,vidallucie@example.com,Jacquet-sur-Dufour,2025-05-18
277,Lucy Paris,rvaillant@example.net,Bailly,2025-05-17
278,Christine Lagarde,auguste06@example.com,Saint Suzanne-la-Forêt,2025-05-16
279,Daniel du Monnier,tcollin@example.net,Rolland-sur-Charles,2025-04-30
280,Cécile Aubert,ericgeorges@example.org,Imbert,2025-05-16
281,Louise Gallet,raymondperez@example.org,Sainte Gilbert,2025-05-03
282,Gérard Brunet,iraynaud@example.org,AdamBourg,2025-05-06
283,Joseph-Isaac Rossi,alexandrialecomte@example.com,Pineau-sur-Denis,2025-05-15
284,Marc Fournier,maryse62@example.net,Boutin,2025-05-14
285,Antoinette Pruvost de Carlier,dupreeleonore@example.com,Poirierdan,2025-05-05
286,Bernadette Robin,bourgeoischristelle@example.org,Germainboeuf,2025-05-08
287,Célina Gaudin,ugallet@example.net,Guyot-sur-Legendre,2025-05-22
288,Joseph Allain,perrinsuzanne@example.net,Collet,2025-05-10
289,Anaïs Martel,philippelebrun@example.com,Dupuis,2025-05-08
290,Catherine Cousin,adrienauger@example.org,Ollivier-sur-Normand,2025-04-27
291,André Courtois Le Mary,henribarbier@example.org,Chevalier-sur-Clément,2025-05-01
292,Emmanuelle Menard,corinneremy@example.org,Rouxdan,2025-05-01
293,Édith de Giraud,kbaron@example.net,Sainte Simone-la-Forêt,2025-04-26
294,Maryse Lévêque de Salmon,edith79@example.org,Morvan-la-Forêt,2025-05-04
295,Philippine Leduc,ericevrard@example.org,Perrot,2025-04-24
296,Richard Vallée,cgros@example.net,Robert,2025-05-12
297,Julien Bernier,zthierry@example.org,Hebert,2025-05-11
298,Gilles Vasseur,bdupre@example.net,ImbertBourg,2025-05-01
299,Alphonse Caron,anais51@example.com,Saint Christelle,2025-05-12
300,Raymond Bernard,alex33@example.net,Rémy,2025-05-01
301,Margot Delorme,josetteleclerc@example.net,LaurentBourg,2025-04-24
302,Yves Loiseau,dmasse@example.net,Boutin,2025-04-26
303,Susanne Garnier,susanne24@example.org,GuillouVille,2025-05-16
304,Grégoire-Honoré Turpin,voisinvirginie@example.com,Saint Thomas,2025-05-14
305,Raymond Lopez,margaretpruvost@example.com,Regnier-la-Forêt,2025-04-25
306,Virginie Lecoq,tbonnet@example.com,Sainte Alice,2025-05-01
307,Thierry Breton,virginie64@example.com,DialloBourg,2025-04-26
308,Nathalie Hamon,madeleine95@example.com,CosteBourg,2025-05-22
309,Jérôme Olivier,audreycollet@example.org,Maillard,2025-04-25
310,Antoine Lopes,leroyvincent@example.net,DuboisBourg,2025-05-21
311,Maggie Da Costa,fontaineelodie@example.com,Schmitt,2025-05-04
312,Josette Monnier,honore90@example.org,Sanchezdan,2025-04-26
313,Charlotte de Hardy,frederique91@example.net,Legendre,2025-05-10
314,Patricia Leleu,ceciledeschamps@example.com,Dufour,2025-05-01
315,Marguerite Lelièvre,therese18@example.net,Briand,2025-05-02
316,Margaret du Marie,delormebenjamin@example.org,Charrier-sur-Mer,2025-05-15
317,Christelle Thomas,ztoussaint@example.net,Evrard,2025-05-09
318,Josette Mendès,juliette07@example.org,Colin,2025-04-30
319,Christine Huet,navarrolucas@example.com,Brunet-sur-Perrot,2025-05-11
320,Roland Martinez,laurencecoulon@example.com,Lefèvreboeuf,2025-04-28
321,Jérôme-Guillaume Renault,alexandria95@example.net,Sainte LucieBourg,2025-05-17
322,Valérie-Margaux Barbe,wleconte@example.org,Sainte Claude-la-Forêt,2025-05-23
323,Théodore Camus,hcamus@example.net,Pereira,2025-05-22
324,Odette Dupuy,franckle-goff@example.net,Morin,2025-05-12
325,Camille Roche,sophiedubois@example.com,Lemoine,2025-05-12
326,Agnès Jean,aleleu@example.net,Saint Pierre-les-Bains,2025-05-09
327,Louis Becker,zcousin@example.com,Adam,2025-05-01
328,Vincent Legrand-Pires,tjacquet@example.com,Meunier,2025-05-19
329,Christiane Samson,galletmathilde@example.net,Texier-sur-Mer,2025-05-09
330,Joseph Letellier,monnierconstance@example.net,Jacob,2025-05-19
331,Alain Dupont,zachariele-roux@example.net,Clerc,2025-05-07
332,Olivier Garcia,fbegue@example.com,Carpentier,2025-04-30
333,Anne Raynaud,frobert@example.com,Da Silva-sur-Mer,2025-04-27
334,Théodore de la Meyer,perrinaurore@example.net,Sainte Olivier-la-Forêt,2025-04-27
335,Éric Gros,letellieremilie@example.net,De Sousaboeuf,2025-05-15
336,Émilie Le François,omarion@example.org,Courtois-sur-Guichard,2025-05-07
337,Suzanne Germain du Charpentier,robertperrier@example.org,Maillet,2025-05-05
338,Martin Daniel,maryse26@example.net,Sainte ClaudeVille,2025-05-07
339,Matthieu Michel,xtecher@example.com,Saint Céline,2025-05-07
340,Françoise Wagner,margotchauvin@example.net,Adam-sur-Lemaire,2025-05-08
341,Marguerite Bouvier,frederic87@example.org,Joseph,2025-05-21
342,Gilbert Charrier-Collet,roland15@example.net,Joubert,2025-05-17
343,Georges Regnier Le Thibault,alexchevalier@example.com,Guillot,2025-04-25
344,Christelle Pruvost,auroredelattre@example.org,Sainte Colette-sur-Mer,2025-05-15
345,Édouard Léger de Bertrand,jeannejoubert@example.net,RousseauVille,2025-05-14
346,Léon Lopes,dominiquegiraud@example.net,Bonnin,2025-05-14
347,Gabriel-Jérôme Valette,roussetguillaume@example.com,Bonneau-la-Forêt,2025-04-27
348,Gilles Gérard,spicard@example.org,Morin,2025-04-25
349,Frédéric-Frédéric Gimenez,jacobguy@example.com,Legros-sur-Jacques,2025-05-06
350,Zacharie Georges,gabriellede-oliveira@example.net,Valléedan,2025-05-17
351,Jeanne Bouvier,veronique44@example.com,Didier,2025-05-04
352,Alexandre Chevallier,olivier72@example.com,Sainte Alexandria,2025-05-19
353,Anastasie Thomas du Clément,benoitbouvier@example.net,Barreboeuf,2025-05-21
354,Danielle Georges,michelelacombe@example.net,Sainte Anouk,2025-04-27
355,Édith Raymond,christophe66@example.com,Lenoirdan,2025-05-01
356,Jérôme-Jérôme Rey,noemihamel@example.org,Saint Juliette,2025-04-30
357,Susan Lebrun,pierrejules@example.org,Le Roux-sur-Mer,2025-04-30
358,Christiane Le Rolland,josette27@example.com,Lucas,2025-05-11
359,Danielle Lambert,perezmichelle@example.org,Chauvin,2025-05-08
360,André Millet,potierjuliette@example.org,Dupré-sur-Mer,2025-04-28
361,Cécile Moulin,rogergeorges@example.net,Lecoq-sur-Marty,2025-05-07
362,Colette Gillet,michele41@example.net,Philippe,2025-04-29
363,Emmanuelle Le Martin,sebastienpotier@example.org,Richard,2025-05-02
364,Jeanne du Guichard,omuller@example.org,Ledoux,2025-05-08
365,Benoît Payet-Olivier,bmorel@example.org,Mace,2025-05-01
366,Philippe Bouchet de Pires,smillet@example.net,Guichard-sur-Peron,2025-05-21
367,Tristan Louis,michelle45@example.com,Monnierboeuf,2025-05-23
368,Alice Imbert,gbourdon@example.net,Arnaud,2025-04-26
369,Célina Lévêque,georges51@example.com,Saint Patricia,2025-05-08
370,Matthieu Vaillant,achauvet@example.net,Boucher-sur-Blot,2025-05-19
371,Élisabeth Regnier-Besnard,dchevalier@example.com,Marion-la-Forêt,2025-05-21
372,François Pinto,francklouis@example.org,Denis,2025-05-21
373,Renée Goncalves,margaux27@example.com,BonneauBourg,2025-05-11
374,Inès Ruiz-Faure,nroche@example.org,Saint Richard-les-Bains,2025-04-27
375,Chantal Blanchet,ameliedias@example.org,Fontaine,2025-04-25
376,Jeanne Leclercq,micheljules@example.net,Saint CécileVille,2025-05-14
377,Émile de la Dufour,gilbert74@example.com,Fernandesnec,2025-05-11
378,Georges Guérin,oliviehamel@example.net,Saint Agathe,2025-05-20
379,Gilbert Rodrigues,qfernandez@example.net,Saint Laure,2025-04-24
380,Alexandria Lemaire,suzannejoseph@example.net,Vidal,2025-04-26
381,Julie Raynaud,baronanne@example.org,Descamps,2025-05-23
382,Paul de la Maury,bernadette45@example.com,Jacob,2025-05-18
383,Françoise Prévost-Dumas,benoitlemonnier@example.org,Saint Aurore,2025-05-21
384,Martine Schneider,constancevidal@example.net,Sainte Robert,2025-05-01
385,Colette Boulay-Roger,cde-sousa@example.org,Dos Santos,2025-04-29
386,Paulette Laroche,denise99@example.org,Lenoir,2025-05-07
387,Paul Boulanger de la Ferrand,paulettejean@example.net,Bouchet,2025-05-09
388,Paul Roche,nathalie97@example.org,Raymond,2025-05-09
389,Éric Lemaire,frederique88@example.com,Briandboeuf,2025-04-30
390,Julien Besnard,cleclerc@example.org,Gillet,2025-05-21
391,Auguste Fischer,margottecher@example.net,Sainte Margot,2025-05-06
392,Laurence Chauveau,alfredboulay@example.org,Royer-sur-Perrier,2025-05-22
393,Philippine Philippe,odetteperret@example.net,BonninBourg,2025-04-25
394,Gérard Perrier Le Devaux,griviere@example.com,Sainte Augusteboeuf,2025-04-29
395,Thierry de Neveu,edescamps@example.net,Albert-la-Forêt,2025-05-06
396,Antoine Gomez,arnaude13@example.org,Renard,2025-04-24
397,Juliette Barthelemy Le Barbe,kleinclemence@example.org,Lecoq,2025-05-06
398,Gérard Jacob,mda-costa@example.net,Lamy,2025-05-02
399,Marine Valentin,mathildejulien@example.org,Meunier-sur-Lévêque,2025-05-23
400,Christophe Gros,pineausophie@example.com,Guichard-les-Bains,2025-05-19
401,Anastasie-Sabine Gomes,theodore50@example.com,Charrier-sur-Guichard,2025-05-19
402,Timothée Marty,llebrun@example.com,Millet,2025-05-08
403,Isaac Diallo,navarroadrienne@example.com,Costa,2025-05-03
404,Nicole Raynaud,edithpelletier@example.net,Sainte ThierryVille,2025-05-07
405,Marine Rousset,bdelorme@example.com,Chauveaudan,2025-05-16
406,Anouk Prévost-Collin,eugenepires@example.net,Robert-sur-Couturier,2025-05-17
407,Frédéric-Sébastien Dos Santos,tristan26@example.org,Fischer-sur-Colin,2025-05-19
408,Sébastien-Arthur Barthelemy,vrousseau@example.net,Peltier-sur-Besson,2025-05-11
409,Claire Petitjean,bigotceline@example.com,Sainte Margot,2025-05-15
410,Henriette Valentin,martine41@example.org,Lopes,2025-05-16
411,Paul Renaud,bergerjean@example.com,Guichard,2025-05-09
412,Georges Le Merle,emilie26@example.org,Masson,2025-04-28
413,Tristan Le Gall,franckschmitt@example.net,Sainte Mariedan,2025-04-30
414,Thibault Coste,sylvie29@example.org,Le RouxVille,2025-05-03
415,Laure Lefèvre,cturpin@example.com,Neveu-sur-Mer,2025-04-30
416,Nicolas Lemaire de Perret,sjean@example.com,Sainte Léon,2025-04-25
417,Tristan Lecomte,alfredblanchet@example.com,Mahe,2025-05-12
418,Isabelle Adam,josephgabrielle@example.net,Pinto,2025-05-17
419,Patrick-Georges Peltier,ebousquet@example.com,Blanc,2025-05-11
420,Josette Louis,valentinnath@example.net,Saint Grégoire,2025-04-25
421,Henri Labbé,jacques28@example.org,Neveu,2025-05-17
422,Émile Bruneau de Fernandez,cboyer@example.com,Texier,2025-05-04
423,Paul Lejeune,iperret@example.com,RenaudBourg,2025-04-25
424,Susan Gérard,dlabbe@example.com,Saint Agathe-les-Bains,2025-04-25
425,Paulette Payet,frederiquelaporte@example.net,BrunelBourg,2025-05-12
426,Adrienne Bertrand,charles56@example.net,Saint Hortense,2025-05-09
427,Brigitte Evrard,patricklaroche@example.org,Diaz,2025-05-10
428,Julie du Paris,rogerroger@example.com,Pierrenec,2025-05-23
429,Benjamin-Aimé Delmas,lucybrun@example.net,MarchandBourg,2025-05-21
430,Renée Maurice,pguillet@example.org,Benard,2025-05-10
431,Tristan Leclerc du Aubry,noeldaniel@example.com,Saint Gabriel,2025-04-29
432,Robert Gérard,louisriou@example.net,Valette,2025-04-25
433,Laetitia Prévost de Delahaye,kgarnier@example.com,Blin,2025-05-10
434,Guy Robert-Legendre,zregnier@example.org,Dufourdan,2025-04-26
435,Alex Lacroix Le Moulin,laetitiaribeiro@example.com,Duboisdan,2025-05-21
436,Louis Loiseau,lecoqnoemi@example.com,DiazBourg,2025-04-29
437,Martin Gauthier,rolandvallet@example.com,Martineau,2025-04-26
438,Théodore-Rémy Lemoine,isabellefaivre@example.com,Bigotnec,2025-05-13
439,Henri Durand,nchevalier@example.net,Gay,2025-04-26
440,Éric Toussaint,richarddos-santos@example.net,Saint Constanceboeuf,2025-05-15
441,Valentine Martel,zoeleblanc@example.net,Picard-sur-Dupuy,2025-05-21
442,Guillaume Teixeira-Clément,mlejeune@example.org,Dos Santos,2025-05-01
443,Adrien Goncalves-Hoarau,tgirard@example.org,Sainte ChantalVille,2025-05-06
444,Camille Lecomte,nicolas99@example.net,EvrardBourg,2025-04-27
445,Édouard de la Samson,andree46@example.org,Joseph-sur-Mer,2025-05-22
446,Alphonse Fleury,vmuller@example.com,Pruvost,2025-05-12
447,Alix Pottier,renaultantoinette@example.net,Le Roux-sur-Evrard,2025-05-01
448,Stéphane-Victor Da Costa,wclerc@example.net,Germain,2025-05-12
449,Jacques-Timothée Teixeira,guilloucharles@example.net,Roynec,2025-05-13
450,Michel Guyot,fpineau@example.net,Sainte Nathalie,2025-04-25
451,Antoinette Lebreton,rossichristophe@example.com,Le Goff-sur-Berthelot,2025-05-13
452,Margot Henry-Schmitt,lucas98@example.com,Rossi-sur-Mer,2025-04-26
453,Alain Philippe,timotheedelattre@example.net,Delattre,2025-05-07
454,Louise-Célina Denis,rduhamel@example.com,Lacombenec,2025-05-15
455,Patrick-Matthieu Vidal,gmartins@example.net,Lesage-la-Forêt,2025-05-12
456,Charlotte Cordier,chretienvalerie@example.com,Saint Arnaude,2025-05-12
457,Yves Neveu,paulremy@example.com,Tessier-sur-Besnard,2025-05-10
458,Susanne Leclerc Le Laine,gillestorres@example.com,Foucher,2025-05-04
459,Daniel Hardy,lucieloiseau@example.org,Barbiernec,2025-05-23
460,Margaud Hebert,oceane96@example.com,Saint Thérèse,2025-05-02
461,Célina Henry,rgimenez@example.net,Gonzalez,2025-04-30
462,Augustin Daniel,thomas16@example.net,Foucher-la-Forêt,2025-05-15
463,Gabrielle Lefèvre,susanne46@example.com,Cohen,2025-05-16
464,Geneviève Grégoire,benjamin74@example.com,Gaydan,2025-05-04
465,Gérard Allain,christopheberthelot@example.net,VincentBourg,2025-05-01
466,Xavier Turpin,ngosselin@example.com,TorresBourg,2025-05-02
467,Anne Lévêque,anne57@example.org,Bailly,2025-05-06
468,Gérard-Gérard Gros,brigittemartin@example.org,Saint Noël-sur-Mer,2025-04-28
469,Geneviève-Bernadette Noël,eleonore74@example.net,Potier,2025-05-15
470,Honoré Wagner,sclerc@example.org,Valette,2025-05-14
471,Thierry Vallée,guillonclaudine@example.com,Marchalboeuf,2025-05-03
472,Franck de Lagarde,colinmartine@example.org,Costa,2025-05-08
473,Henriette Faure,goncalvesemilie@example.org,Navarro,2025-05-04
474,Brigitte Pruvost Le Regnier,nlebon@example.com,BlinBourg,2025-05-23
475,Philippine Coste,gabriellerossi@example.net,Sainte Théophile,2025-05-18
476,Pénélope Roy-Baudry,vgros@example.com,Pelletier,2025-05-23
477,Margaret François du Costa,besnardemilie@example.com,Saint Daniellenec,2025-04-26
478,Étienne Dupont,nathaliemunoz@example.org,Petitjean,2025-04-24
479,Anouk Hubert,isabellemallet@example.org,Poulain,2025-05-08
480,Stéphane Descamps,mchevalier@example.net,Pages,2025-05-13
481,Noémi Gauthier,onavarro@example.com,PineauBourg,2025-05-12
482,Margaud Roy,laetitia85@example.net,Hebert,2025-04-27
483,Juliette Traore-Roger,margotdelaunay@example.com,Saint Victor,2025-04-26
484,Louis Grondin,klopez@example.org,Sainte Victoire,2025-05-11
485,Tristan Hamel,eugene41@example.net,Rossi,2025-04-30
486,Clémence Meunier,ccouturier@example.net,Marin,2025-05-10
487,Michel Hebert,zoe15@example.org,Bailly,2025-05-02
488,Vincent Fischer,adriennebertrand@example.com,Thomas,2025-04-28
489,Simone-Lucie Devaux,dialloyves@example.org,Hebertdan,2025-05-23
490,Aimé Blanchard,torreshelene@example.net,Tanguydan,2025-05-05
491,Élise Brun,gomezaugustin@example.net,SamsonVille,2025-05-22
492,Camille-Laurence Marty,emmanuelle31@example.org,Devaux,2025-04-26
493,Luce Le Lebreton,edithdijoux@example.org,Pauldan,2025-05-22
494,Alice Guilbert de la Buisson,moreladele@example.com,Saint VéroniqueVille,2025-05-01
495,Tristan de Roche,leon03@example.com,Le Gallnec,2025-05-05
496,Alain Andre de Martins,nathalie81@example.org,Bruneau,2025-05-03
497,Claudine Guichard,honore45@example.com,Sainte Olivier,2025-04-29
498,Susanne-Anastasie Pasquier,guillaume10@example.org,Payet,2025-05-08
499,Antoine Loiseau,chauvinsusan@example.com,Pires-sur-Simon,2025-05-20
500,Denis Bonneau-Gomez,arthur88@example.org,Saint Rogerboeuf,2025-05-11
501,Corinne Perrier,sgrenier@example.com,MeyerVille,2025-05-16
502,Thibaut Leclerc,thierry36@example.org,Regnier,2025-05-03
503,Brigitte-Adélaïde Alexandre,valentinemendes@example.net,Lemaître-la-Forêt,2025-05-13
504,François Lemaître,etienne62@example.net,Roger-sur-Diallo,2025-05-19
505,Alice Lacombe-Goncalves,josette02@example.org,Thomas-sur-Gaudin,2025-05-14
506,Yves Brunel,troy@example.net,Lebrun,2025-05-10
507,Augustin Le Besnard,frederiquegaillard@example.com,Collin,2025-04-24
508,Georges Letellier,alfred14@example.org,Saint AugustinVille,2025-05-15
509,Timothée Lejeune,antoinette75@example.net,NguyenVille,2025-05-20
510,Robert-Marcel Boulanger,faurebertrand@example.com,Colin,2025-05-11
511,Simone Coulon,pierre19@example.com,Saint Zoé,2025-05-03
512,Grégoire Goncalves,zleleu@example.org,LacroixBourg,2025-05-23
513,Olivier Bonnet,cgosselin@example.net,Louis-sur-Fabre,2025-05-15
514,Christine Camus,guilloutheophile@example.net,Martinez-la-Forêt,2025-04-27
515,Benoît Bonnet-Hamon,riounicolas@example.net,Millet,2025-05-22
516,Marianne Le Lagarde,helenerodrigues@example.com,Besson-sur-Julien,2025-04-28
517,Louis de la Picard,virginie41@example.org,Bourgeois-sur-Mer,2025-05-02
518,Léon Bodin,uphilippe@example.org,Boulanger,2025-04-27
519,Mathilde Brun,tvallet@example.com,Saint Olivier,2025-05-22
520,Marguerite-Pauline Verdier,patrick55@example.com,Perrier-les-Bains,2025-04-27
521,Jacques Rolland,nguillet@example.com,Menard,2025-05-17
522,Maryse-Corinne Pages,catherine52@example.org,Lemonnier,2025-05-11
523,Pauline Potier,nathguilbert@example.com,GérardBourg,2025-04-28
524,Margaux Delorme,aroche@example.org,Saint Zoé,2025-05-02
525,Clémence Gomez-Hoareau,odijoux@example.net,Saint Véronique,2025-05-03
526,Nicole Duhamel,costathibaut@example.org,Germain-sur-Bernard,2025-05-13
527,Lorraine Rodrigues,bhoareau@example.org,Auger,2025-04-30
528,Céline-Pénélope Duval,csimon@example.org,Pintoboeuf,2025-05-16
529,Colette Delorme,benardines@example.net,Ramos-les-Bains,2025-05-04
530,Anouk Techer,rmendes@example.com,Courtoisnec,2025-04-30
531,Benoît Petitjean,qvoisin@example.org,Schmittdan,2025-05-15
532,Véronique Voisin,gabrielgarcia@example.org,Saint ÉdithVille,2025-05-14
533,Roger Guillaume,alexandremargaret@example.org,Perrot,2025-05-21
534,Victoire Alves,sylviemallet@example.org,Bourdon,2025-05-02
535,Édith-Sylvie Picard,blinluc@example.net,Perrin-sur-Huet,2025-05-10
536,Luc-Thibault Poirier,kle-goff@example.com,Legros-les-Bains,2025-05-09
537,Christophe Meunier,agathecosta@example.net,Hamel,2025-05-02
538,Astrid Maillot,lucybouvet@example.net,Hamel,2025-05-22
539,Maurice Toussaint,jlesage@example.org,Meyer,2025-05-23
540,Joséphine Fernandez,gdupre@example.org,Berger-sur-Mer,2025-05-21
541,Zacharie Guyot,huetmarie@example.net,Sainte Agnèsdan,2025-04-25
542,Corinne Bouvier-Menard,kfoucher@example.org,Marin,2025-04-26
543,Henri Michel Le Mace,margaud88@example.net,Chrétien,2025-05-14
544,Corinne du Renault,hlamy@example.com,Millet,2025-05-07
545,Geneviève Berthelot-Maréchal,margot08@example.net,BaillyBourg,2025-05-20
546,Lucas Lombard,theodoremoreno@example.org,Meyer-sur-Lesage,2025-05-02
547,Corinne du Allard,pauger@example.net,Rodriguez,2025-04-25
548,Michèle Garcia,emmanuelle21@example.net,Techer-sur-Michaud,2025-04-24
549,Raymond Fleury,julesfournier@example.com,Saint Françoise-la-Forêt,2025-05-04
550,Anastasie Delaunay,dumontdorothee@example.org,Godard,2025-05-18
551,Honoré Vidal-Blanchard,leon10@example.org,Hebertboeuf,2025-04-28
552,Juliette Langlois,martinle-roux@example.net,Chrétien,2025-05-14
553,Émilie Ferreira,marianneparis@example.org,Langlois,2025-05-02
554,Marcel Delahaye,brigitte81@example.net,De Oliveira,2025-04-29
555,Marie Da Costa,lacombealexandrie@example.com,Lemaire,2025-05-17
556,Léon Seguin,lcordier@example.com,Rossi-la-Forêt,2025-05-08
557,Patricia Faure Le Martineau,christiane14@example.net,Saint Jacques,2025-05-11
558,Gilbert Poirier,anaisgosselin@example.org,Renard-sur-Mer,2025-05-16
559,Honoré Bailly-Bousquet,xlemaire@example.org,Pierre,2025-05-07
560,Julie de la Nguyen,chartierisaac@example.net,Lecoqboeuf,2025-05-11
561,Olivie-Hortense Launay,capucineschneider@example.org,Klein,2025-04-24
562,Margaux Besnard,emile35@example.org,Saint Alfrednec,2025-04-27
563,Patricia Lévêque,odettebrunel@example.com,Daniel,2025-04-26
564,Matthieu Cordier,francoisemmanuel@example.net,FaureBourg,2025-05-22
565,Alfred Gonzalez-Maillard,jrossi@example.net,Saint Marie,2025-05-16
566,Margot Bourgeois du Blanchet,mariannemuller@example.org,Normand,2025-05-22
567,Lorraine Bouvet,nathmary@example.net,Normand-sur-Albert,2025-04-28
568,Auguste de la Rey,theresegrondin@example.net,Imbert,2025-05-11
569,Alix Camus,bgerard@example.org,Saint Madeleine,2025-04-25
570,Eugène de la Maréchal,cdupre@example.org,Sainte Éric,2025-05-20
571,Vincent Rivière de la Collin,sle-roux@example.net,Joseph,2025-05-05
572,Tristan Cousin,kda-costa@example.com,Gosselin,2025-05-12
573,Frédérique Vallée de Bigot,hleroux@example.org,Launay,2025-05-11
574,Dorothée Weber,rmeyer@example.net,Étienne-sur-Courtois,2025-04-28
575,Alice Grégoire de Delannoy,paulinechevalier@example.net,Lebrun,2025-05-07
576,Mathilde Cordier,uguibert@example.net,Chartier-sur-Pons,2025-04-28
577,Benoît Fernandes,delmashortense@example.net,LagardeBourg,2025-04-25
578,Caroline Seguin,upaul@example.com,Saint Frédéric,2025-05-03
579,Jeannine Gonzalez,alexandrie46@example.net,Masse,2025-05-05
580,Alix de la David,oleleu@example.com,Techerdan,2025-05-22
581,Marc de la Barbier,laure01@example.net,Saint Margaud,2025-05-23
582,Guillaume-Alain Delaunay,bernadette48@example.org,Renard-sur-Le Roux,2025-05-19
583,Simone de Lamy,guillotsophie@example.com,Barbedan,2025-05-21
584,Valentine Pons,nicolas84@example.net,Bertin-les-Bains,2025-04-25
585,Guillaume Rodriguez,aurelie78@example.com,Berger-sur-Dupuy,2025-05-22
586,Jacques Laporte,buissonjosette@example.net,Fernandezboeuf,2025-05-05
587,Gabrielle-Patricia Ferreira,adelaide05@example.com,Chauvet,2025-04-30
588,Adrienne Mahe,cchartier@example.com,Renault-les-Bains,2025-05-15
589,Margaud Morvan,agnes93@example.net,Saint AliceBourg,2025-05-01
590,Christelle Le Gall,xcohen@example.net,Rey-sur-Mer,2025-05-15
591,Laetitia-Alexandrie Meunier,renee64@example.org,Rémydan,2025-04-27
592,Émile Rémy-Robert,huetmargaret@example.net,Guilbertdan,2025-05-05
593,Maurice Mallet,aimee94@example.net,Dumas,2025-05-18
594,Roger Gay-Lévy,marguerite36@example.org,Raynauddan,2025-05-11
595,Sébastien du Coste,martinolivier@example.org,Allard-les-Bains,2025-05-22
596,Arthur Ribeiro,elisepetit@example.com,Saint Alexandrie,2025-05-21
597,Pierre-Paul Thomas,jeannine62@example.org,Raynauddan,2025-05-07
598,Alain Colas,ineslenoir@example.org,Maillard,2025-05-13
599,Inès du Pons,david89@example.com,Pelletier,2025-05-17
600,Charlotte Perrot,lopezfrancoise@example.com,Sainte Michelnec,2025-04-28
601,Adrien Lebreton,wclement@example.net,Gay,2025-05-23
602,Georges Berthelot de la Joly,emmanueljacquot@example.org,Sainte ValentineVille,2025-05-23
603,Gilbert du Denis,zchauveau@example.org,Bouvet,2025-05-01
604,Astrid Bourgeois-Chauveau,julien47@example.com,Lemaire,2025-05-21
605,Diane Clément,blotdominique@example.org,Saint Astridnec,2025-04-29
606,Bernadette Vallée,pierremoreno@example.com,Saint Carolineboeuf,2025-05-19
607,Jean Bonneau,bonnetgabriel@example.org,Bouvetdan,2025-05-19
608,Marc Guillou,noel97@example.org,Tessier,2025-04-29
609,Jacques Delmas,griou@example.net,Saint Pauletteboeuf,2025-05-22
610,Audrey Jacquet,pierre93@example.com,Peron,2025-05-07
611,Colette du Prévost,olivieraugustin@example.com,Chauvet,2025-04-24
612,Nathalie de la Maillot,xguillou@example.com,RibeiroBourg,2025-04-29
613,Matthieu-Bertrand Dupuy,joseph06@example.org,Gosselin,2025-05-17
614,Agnès Renaud de Maurice,josettecolas@example.net,Letellier,2025-05-23
615,Philippe Maillot-Fouquet,vincent80@example.net,Duval-sur-Guibert,2025-05-04
616,Paulette Delattre,npaul@example.net,Bègue,2025-05-19
617,Patrick Boucher,rousseauisabelle@example.net,Laroche,2025-05-23
618,Noël Bouchet de Blondel,denisleleu@example.com,Saint Nath-sur-Mer,2025-05-07
619,Jeannine du Guérin,josephmaryse@example.org,Gillesboeuf,2025-05-19
620,Emmanuel Robert,alex81@example.com,Sainte FrançoiseBourg,2025-05-15
621,Claire Bouvet,henriette09@example.com,Dubois,2025-05-21
622,Julie de la Reynaud,rene58@example.org,Danielboeuf,2025-05-17
623,Lucas Teixeira de la Leblanc,emmanuellemallet@example.net,Sainte Moniquedan,2025-05-19
624,Margot-Susanne Germain,valentine52@example.org,Sainte Aimé,2025-05-01
625,Bernard Gilbert,vgallet@example.net,Sainte Patrick,2025-05-02
626,Denis Maillet,zloiseau@example.com,Charles-sur-Mer,2025-04-29
627,Victoire Carlier,noemiroussel@example.com,Saint Odette-la-Forêt,2025-05-19
628,Sylvie Lebrun,louis78@example.com,Guillou,2025-05-16
629,Sabine Toussaint du Henry,pierre97@example.net,CaronBourg,2025-04-27
630,Noémi Antoine,bmarechal@example.net,Sanchez-la-Forêt,2025-05-06
631,Maryse Pelletier de la Cordier,etienneberthelot@example.net,Sainte Lucy,2025-05-21
632,Pierre Bonnin,anais43@example.com,Arnaudboeuf,2025-04-25
633,Alfred Blanchet,clemence85@example.com,Saint Maggie,2025-05-21
634,Astrid Couturier,lcharpentier@example.org,Saint ChristineBourg,2025-05-09
635,Denis-Augustin Lemaire,dleblanc@example.net,Jacques-les-Bains,2025-05-01
636,Valentine Charrier,girarddorothee@example.org,Gauthier-sur-Bourgeois,2025-04-30
637,Caroline Michaud,vidalhonore@example.org,Fernandez,2025-05-20
638,Paul Joubert,colette25@example.net,LefèvreVille,2025-05-23
639,Benoît Mercier,bda-silva@example.com,Bourgeois,2025-05-08
640,Bernadette Dos Santos,blanglois@example.com,LopesBourg,2025-05-05
641,Célina Leclercq du Rey,nlanglois@example.org,Saint Gabrielle,2025-05-03
642,Amélie Le Martin,veronique02@example.org,Vasseur,2025-05-20
643,Thérèse Le Goff,aubertdanielle@example.net,Robin,2025-05-19
644,Simone Bruneau,georges98@example.com,Descampsnec,2025-05-21
645,Philippe Morin,ruizetienne@example.org,Blot,2025-05-01
646,Honoré Fleury de la Laine,dcolas@example.com,Dupuy,2025-05-01
647,Sylvie Lelièvre,snavarro@example.com,Sainte Aurore-la-Forêt,2025-04-24
648,Alexandrie du Tanguy,djourdan@example.org,Gérard,2025-05-15
649,Thomas Hamon,anastasie52@example.com,Marchand,2025-04-30
650,Thérèse Durand Le Germain,marcel13@example.org,Saint CharlesVille,2025-05-06
651,Martine Nicolas-Lopez,wbecker@example.org,Nicolas-les-Bains,2025-05-04
652,Margaux-Maggie Leclercq,louisegerard@example.com,Sainte Amélie,2025-05-02
653,Alexandria-Laurence Samson,reyraymond@example.org,Cousinboeuf,2025-05-21
654,Claudine Lagarde,camilleturpin@example.com,GodardBourg,2025-04-26
655,Zacharie Philippe,wlacroix@example.org,Boucher,2025-05-18
656,Denis-Étienne Thibault,lemonnierchristine@example.com,Barbier,2025-05-02
657,Michelle Imbert,renaudceline@example.com,Sainte Élise,2025-05-05
658,Dominique Boulanger de Didier,reneevallee@example.net,Rivièredan,2025-05-14
659,Simone Ferrand Le Maillot,ibecker@example.net,Lefèvre,2025-05-10
660,Thierry Andre,toussaintguillaume@example.net,Chauveau-sur-Prévost,2025-05-06
661,Jean Martel-Boucher,clemence77@example.net,Carliernec,2025-05-15
662,Christine Marchand,marthe23@example.net,Sainte Augustin,2025-05-20
663,Philippe Bègue,eleonoremartinez@example.org,Saint Constancenec,2025-05-11
664,Agnès Pereira de la Allard,elisabeth77@example.net,GilletVille,2025-05-04
665,Nathalie-Constance Colas,jacqueline39@example.net,Jacques,2025-04-24
666,Guy Picard,xjulien@example.net,MarieBourg,2025-04-27
667,Frédérique de Boyer,hpinto@example.org,Clément,2025-05-22
668,Chantal Marques,sebastien51@example.net,Saint Tristan,2025-05-02
669,Thierry-Honoré Hardy,bertrand84@example.org,GoncalvesVille,2025-04-29
670,Philippe Delahaye,deniseriou@example.net,Rollandnec,2025-05-12
671,Valérie du Dupont,francoiscosta@example.org,Boulay,2025-05-02
672,Jérôme Rolland de la Colas,baillyemmanuel@example.com,Barreboeuf,2025-04-25
673,Lucie Dos Santos-Durand,josephinecharrier@example.com,BaudryVille,2025-04-27
674,Martine Roger,riviereclaude@example.com,Lebreton-sur-Martins,2025-05-13
675,Alex Dumas,hortense25@example.com,Peron,2025-05-07
676,Frédérique Léger,lebonmichele@example.com,De Sousa-la-Forêt,2025-05-05
677,Tristan Riou de la Thomas,faivredanielle@example.org,Roger,2025-05-17
678,Sébastien Dubois de Roux,vdupuy@example.com,Rivière-les-Bains,2025-05-19
679,Cécile Blot,rossilouise@example.org,Giraud,2025-05-04
680,Susan-Susanne Gérard,noel48@example.org,Da Silva,2025-05-07
681,Maggie Letellier,godardanouk@example.net,Lombarddan,2025-05-13
682,Alexandria Huet,anoukaubry@example.com,Laine,2025-05-10
683,Antoinette Pages,louisdidier@example.net,Saint Éléonore-la-Forêt,2025-04-27
684,Thérèse Dupré,bertrand96@example.com,Lombard,2025-05-06
685,Astrid Marion,paulauguste@example.com,Saint ÉdouardBourg,2025-05-22
686,Célina Arnaud,dufourdanielle@example.net,Mallet,2025-05-12
687,Stéphanie Hamon,josephtexier@example.com,Deschampsboeuf,2025-04-30
688,Daniel Lemaire,michellelaroche@example.com,Lebon,2025-05-02
689,Jacqueline Marques,emmanuelledupre@example.net,DidierBourg,2025-04-25
690,Alice-Martine Lemaître,suzanne22@example.com,Gaudin,2025-05-16
691,Denis Brunet,guillaumebreton@example.net,Vasseur-sur-Mer,2025-05-07
692,Benoît-Robert Da Silva,therese06@example.net,Devaux,2025-04-24
693,Inès Perrier,lopesmonique@example.org,Duval-sur-Potier,2025-05-10
694,Diane Bonnet,vincent31@example.net,Sainte Zachariedan,2025-05-23
695,Juliette Pires,adriennecoulon@example.org,Chauvin-sur-Traore,2025-05-19
696,Capucine Allain Le Rousseau,marechalbenjamin@example.net,Joseph,2025-05-11
697,Alexandre Mary-Lévêque,levequeamelie@example.com,LebonVille,2025-05-15
698,Thérèse Bègue,francoishamel@example.com,Jeandan,2025-05-17
699,Amélie Daniel,isabellerobin@example.net,Delannoy-sur-Schneider,2025-05-17
700,Renée Thibault-Marin,ida-silva@example.org,Daniel,2025-05-17
701,Bertrand Brunet,graymond@example.com,Saint Marine-les-Bains,2025-05-15
702,Diane Gilbert,robertblot@example.net,Legendre-sur-Neveu,2025-04-30
703,Thibault Diallo du Goncalves,auguste73@example.com,Grégoire,2025-05-05
704,Camille-Anne Carlier,benjamin47@example.com,Bousquet,2025-05-07
705,Virginie Renaud,lefebvreedouard@example.org,Martineau-sur-Mer,2025-04-26
706,Marc Michel,augustinremy@example.org,Chauvin-sur-Hamel,2025-05-15
707,Constance Delaunay,jeannine41@example.net,Moulin,2025-05-23
708,Marcel Blondel de Aubert,pweiss@example.com,Henry,2025-05-04
709,Madeleine Diallo,marieklein@example.com,Guillot-la-Forêt,2025-05-13
710,William Fournier,mariannelacombe@example.org,Blot,2025-05-04
711,Hugues Lemaire,benoitjoubert@example.net,Da Silvaboeuf,2025-05-15
712,Arthur Paul,chauvinvincent@example.com,Sainte Inèsdan,2025-05-21
713,Philippine Wagner,adele66@example.com,Saint Danielle,2025-04-27
714,Hortense Sanchez,dferrand@example.org,Tessier,2025-05-17
715,Hugues Labbé,eguyot@example.com,Royer,2025-05-22
716,Alice Barre-Parent,charles07@example.com,Renault,2025-05-03
717,Édith Guibert,lacombeemile@example.com,Léger-sur-Mer,2025-05-10
718,Gilbert du Laurent,paulette07@example.net,Bourdondan,2025-05-03
719,Emmanuel Diallo,besnardjacques@example.net,NoëlBourg,2025-05-15
720,Isaac Voisin,ypierre@example.com,Lacroix,2025-05-07
721,Emmanuelle Maillot,hgomes@example.org,Guichard,2025-05-04
722,Bertrand-Laurent Lebrun,wjacques@example.org,Fischer-sur-Mer,2025-05-06
723,Sabine Marchal,victoire24@example.com,Sainte GuillaumeBourg,2025-05-16
724,Julie Carre,madeleine97@example.org,Sainte ClémenceVille,2025-05-03
725,Jérôme Grondin,manonlecoq@example.org,Saint Émilie,2025-05-11
726,Hugues-Luc Coulon,richardlabbe@example.com,Sainte Maryse-sur-Mer,2025-04-28
727,Benjamin Brun,paulette73@example.com,Grondin-sur-Mer,2025-04-30
728,Martin Blot,bernadette93@example.org,Saint Christelle,2025-05-07
729,Monique-Amélie Menard,cfleury@example.net,Louis,2025-05-15
730,Alex-Olivie Giraud,stephanecourtois@example.com,Launay,2025-05-06
731,Marguerite du Humbert,sgregoire@example.net,Legros-sur-Mer,2025-05-15
732,Jeanne Gilbert du Bigot,zdidier@example.org,Rolland-sur-Mer,2025-05-17
733,Gilbert Auger,catherine18@example.com,Georges,2025-05-22
734,Alice Marin,louisbailly@example.com,Teixeira,2025-04-29
735,Martin Legrand,mariegerard@example.org,Guibert,2025-05-13
736,Louise Blanchet,isaaccouturier@example.org,Louis,2025-05-12
737,Simone-Anastasie Evrard,julie65@example.org,Reynaud,2025-05-03
738,Adrien Paul-Hamon,denisparent@example.org,Fleury,2025-05-06
739,Christophe Poirier,kcouturier@example.net,Lebrun,2025-05-11
740,Zacharie Joseph,theodorechretien@example.net,Besnarddan,2025-05-20
741,Stéphane Guichard,madeleinehamel@example.net,Lebonboeuf,2025-04-24
742,Maurice Carre,hmarion@example.com,Morin,2025-05-03
743,Manon Fontaine de la Devaux,jde-sousa@example.com,Legrand,2025-05-03
744,Matthieu-Gilbert Colin,bouchetvictor@example.net,Joubert,2025-04-30
745,Christophe Bouvet,qmace@example.com,Guillaume,2025-05-07
746,Étienne Ruiz,dupuisbrigitte@example.net,Normand,2025-05-19
747,Hortense Morel de Maillet,danielphilippine@example.net,Legendre-la-Forêt,2025-05-12
748,Gérard Mathieu,remyde-oliveira@example.net,Dupuyboeuf,2025-05-13
749,Maggie Royer-Lelièvre,dverdier@example.com,Ferreira-sur-Leconte,2025-05-14
750,Camille Fabre,carlierlouise@example.org,Saint William,2025-05-04
751,Émile-Thomas Martins,yvesremy@example.net,Baron-sur-Masson,2025-05-08
752,Christophe Lombard,emilealves@example.com,Da Silva,2025-05-08
753,Xavier Pichon,tessieraudrey@example.com,Da Costa,2025-05-08
754,William Blondel du Pelletier,augustebonnin@example.com,Colas,2025-05-15
755,Emmanuel Lévêque de la Ledoux,christophecoste@example.net,Moulin,2025-04-30
756,Céline-Olivie Lambert,ylemoine@example.org,Jacques-les-Bains,2025-05-10
757,Bernard Pinto,diaznicole@example.org,Huet,2025-05-09
758,René Guilbert,stephanesanchez@example.org,Fontaine,2025-05-19
759,Monique Picard,sophielacombe@example.com,Sainte Henrinec,2025-05-22
760,Lorraine Devaux,gilleshoareau@example.com,Pineau,2025-05-19
761,Zoé-Alex Texier,adammichel@example.com,Delaunaydan,2025-05-17
762,André Rémy,ugerard@example.com,Lévêquedan,2025-04-29
763,Agathe Auger,jacquotarthur@example.com,Saint Adélaïde,2025-05-15
764,Jean Mallet-Rolland,mullermarguerite@example.org,Bailly-sur-Vasseur,2025-04-26
765,Virginie Le Fischer,jeancharles@example.org,Paul-sur-Mer,2025-05-03
766,René Dupré,astridgarcia@example.net,BoutinBourg,2025-05-10
767,Auguste Couturier du Descamps,margaux57@example.net,Barbe,2025-05-15
768,Charles Bazin,danielmarin@example.com,Saint Franckboeuf,2025-05-14
769,Charles-Joseph Schmitt,da-silvadorothee@example.org,Colin,2025-05-13
770,Adèle Petit,william69@example.net,Ramosboeuf,2025-05-04
771,Georges Hoarau,eleonoreguibert@example.org,Gaynec,2025-04-26
772,Rémy Alves,alphonse53@example.net,Rolland-sur-Lecomte,2025-05-20
773,Rémy François,josephine91@example.net,Sainte Matthieu,2025-05-18
774,Martin Millet,brigitte15@example.org,Pichon,2025-05-01
775,Louis Aubert-Lemaire,halbert@example.net,Potier,2025-05-15
776,Alfred Thomas,patrick81@example.net,Sainte MichèleBourg,2025-05-03
777,Guillaume Boutin,genevievepeltier@example.net,Saint Pierre,2025-05-01
778,Philippe Martins,vnoel@example.net,Maryboeuf,2025-05-19
779,Alphonse-Olivier Martinez,costejulien@example.net,Rodriguez,2025-04-30
780,Timothée du Alexandre,manon92@example.org,Leconte-sur-Laroche,2025-04-28
781,Denis Roger de la Vallée,wcarpentier@example.org,Saint AlexandrieBourg,2025-04-24
782,Patrick Lebreton,rodriguesgilles@example.org,Courtois,2025-04-25
783,Benjamin Valentin,zmarty@example.net,Sainte Nathalie-la-Forêt,2025-05-01
784,Matthieu Lefebvre-Blot,capucineweiss@example.net,Berthelot,2025-05-09
785,Robert Dupré,nblanchet@example.com,Raynaud-la-Forêt,2025-05-13
786,Auguste Costa,dumascharlotte@example.net,Arnauddan,2025-05-21
787,Agnès Labbé,zacharie42@example.org,Saint JérômeBourg,2025-05-18
788,Michel Rousseau,margueritelopes@example.net,Bernard,2025-04-26
789,Pénélope Albert,cverdier@example.net,CarreBourg,2025-05-08
790,Christophe Lecoq,maceauguste@example.org,Fabre,2025-05-07
791,Antoinette Lefèvre,alexandrejulie@example.org,Saint Alfred,2025-05-22
792,Manon-Bernadette Caron,jcohen@example.net,Benarddan,2025-05-14
793,Laure-Caroline Pottier,tguyot@example.org,Sainte Laurent,2025-05-12
794,Claude Bodin,dvincent@example.org,Marion,2025-04-30
795,Richard Loiseau de la Dumont,cchretien@example.com,Parent,2025-05-16
796,Noël Le Maillard,rlebreton@example.org,Perez,2025-05-16
797,Corinne Le Bodin,llegendre@example.com,Duvaldan,2025-05-06
798,Marianne Rousseau,devauxeric@example.org,LabbéVille,2025-05-09
799,Dorothée Jourdan-Didier,paulmargaret@example.com,PiresVille,2025-05-06
800,Alphonse Didier,collinmonique@example.com,Guillonnec,2025-05-01
801,Laurent Martins,hamelpatrick@example.org,Gros-les-Bains,2025-04-28
802,Bernard Breton,guyondenis@example.com,Monnier-sur-Mer,2025-05-14
803,Catherine Weiss de la Legrand,alaincourtois@example.org,Maurynec,2025-05-16
804,Renée Foucher,danielcharlotte@example.net,Pottier,2025-04-24
805,Noël Jacquet de la Prévost,potieryves@example.org,Imbert-sur-Guichard,2025-05-22
806,Jules-Roland Pereira,nicolasgarnier@example.com,Colin-sur-Guillaume,2025-05-18
807,Susan Pires,margaud62@example.org,Durand-sur-Mer,2025-05-21
808,Martine Le Pichon,maggie37@example.com,Hardy,2025-05-18
809,Virginie Letellier,lgosselin@example.net,BarbierBourg,2025-05-22
810,Élodie Joseph,etienne39@example.net,Ribeiroboeuf,2025-04-27
811,Léon de Bailly,astridperrot@example.org,Saint Véronique,2025-05-18
812,Lucie Ledoux,leblancandre@example.net,Pottier-sur-Fontaine,2025-05-07
813,Marthe-Denise Ribeiro,suzannepottier@example.com,Pires,2025-05-01
814,Andrée Martins,audreynoel@example.org,Renaud,2025-04-29
815,Zacharie Vaillant-Pages,emmanuel34@example.com,Weber,2025-05-19
816,Luc Delannoy,lloiseau@example.net,Brunet,2025-05-16
817,Anastasie Delattre,perriernicole@example.org,Delattredan,2025-05-10
818,Margot Durand,gilbertguibert@example.net,Joseph,2025-05-08
819,Lucie Lenoir,ipages@example.org,Saint Élisabeth,2025-04-25
820,Augustin Pons,robert81@example.net,Lejeune-sur-Delahaye,2025-05-11
821,Sophie Marty,marechalsimone@example.org,Jean,2025-05-01
822,Olivier Raymond-Lecomte,genevieve84@example.com,Gonzalez-sur-Mer,2025-05-23
823,Guy Gimenez,groshortense@example.com,Ferreiranec,2025-05-21
824,Timothée Imbert-Hamon,aime99@example.org,Noëlnec,2025-04-27
825,Victoire Dufour-Aubry,huguesbenard@example.net,Renaultboeuf,2025-05-08
826,Arnaude Delahaye,manonbarbe@example.net,LemonnierBourg,2025-04-28
827,Claire Martins,mpages@example.org,Dupuis,2025-05-19
828,Adrien-Frédéric Dufour,christelle39@example.org,Navarroboeuf,2025-05-08
829,Catherine Benard-Teixeira,macechantal@example.org,Maurice-la-Forêt,2025-05-15
830,Marc Vincent,capucine10@example.net,Saint AntoineVille,2025-05-10
831,Alex-Alix Pottier,goncalvesclemence@example.com,Bousquet-les-Bains,2025-05-11
832,Georges Lefèvre,danielrichard@example.com,Evrard-sur-Bruneau,2025-05-13
833,Alexandre Humbert de Mallet,julesdelahaye@example.org,Lelièvre,2025-05-04
834,Guy de Coulon,zfischer@example.org,Fischer,2025-05-18
835,Zoé Hoareau,margaretriviere@example.com,Ferreira,2025-05-22
836,Diane Lombard,tmorin@example.com,Turpin-sur-Mer,2025-05-08
837,Tristan Cohen-Marin,paul46@example.com,Gaudin-sur-Vaillant,2025-05-13
838,William Fernandes,milletastrid@example.org,Laroche,2025-05-20
839,Camille Le Wagner,jgerard@example.net,Saint Andrée,2025-05-17
840,Antoine Besnard,agaudin@example.com,Gay-la-Forêt,2025-05-22
841,Nicole Berthelot,zoeblanchet@example.org,Chauveau,2025-05-10
842,Virginie Jacques,samsonvalentine@example.org,Laroche,2025-05-07
843,Eugène Roger,dorotheejacob@example.com,Richard,2025-05-20
844,Louise Turpin,agnes39@example.org,Saint Maryse,2025-05-23
845,François-Guy Poirier,hvallee@example.org,Martins-sur-Mallet,2025-05-11
846,Margot Dias,julesparis@example.com,Lelièvre,2025-05-08
847,Anne Raymond,susannemeunier@example.com,Delaunay,2025-05-22
848,Margaux Meunier,charlesgarcia@example.net,Michaud,2025-04-29
849,Nathalie Turpin,marthe69@example.net,Guillaume,2025-05-17
850,Anaïs Rousset,plemaitre@example.com,Gallet-sur-Roux,2025-05-21
851,Victor Guillot,bguilbert@example.org,Perrotdan,2025-05-09
852,Marianne Marty-Vasseur,alexandreaudrey@example.org,Hoarau,2025-05-08
853,Manon Lopez,baudrynicolas@example.com,Marchal,2025-05-02
854,Patricia-Madeleine Bouvier,bigotpauline@example.com,Pereira,2025-05-18
855,Danielle Robert,davidvirginie@example.com,Lucas-la-Forêt,2025-05-01
856,Sophie Thomas,suzanne08@example.org,MarchalBourg,2025-05-20
857,Audrey Guilbert-Thomas,bernard43@example.com,Germainboeuf,2025-05-14
858,Théodore Le Mace,rfaure@example.net,Bertin,2025-05-02
859,Édith Rocher,lucybaron@example.net,Bègue,2025-05-18
860,Hortense Delahaye,thomasmargaud@example.com,Guyon-sur-Lejeune,2025-05-18
861,Christelle Buisson-Lecoq,lucybazin@example.com,Dupré,2025-05-10
862,Pénélope-Diane Michaud,langloisjacqueline@example.org,Philippeboeuf,2025-05-09
863,Susanne du Renault,claire47@example.com,Monnier-sur-Riou,2025-05-14
864,Philippe Rocher,costaamelie@example.net,Sainte Michelledan,2025-05-01
865,Franck Courtois,cousincharles@example.org,Roussel,2025-05-02
866,Amélie Leleu,isabelle19@example.org,NicolasVille,2025-05-08
867,Henriette Masse,constance09@example.com,Sainte Maryse,2025-04-26
868,Alexandre-Patrick Marin,delahayeisabelle@example.net,Saint Gilles,2025-05-16
869,Agnès Rivière,wlopes@example.org,Saint Georges,2025-05-03
870,Gilles Bonneau-Toussaint,paulcarlier@example.org,Sainte Stéphanie-sur-Mer,2025-05-01
871,Gilles Dupuy,ylaurent@example.net,Andreboeuf,2025-05-02
872,Arthur Gosselin,margaux36@example.net,Thomasdan,2025-05-04
873,Suzanne Martin,roger97@example.com,Raynaudnec,2025-05-04
874,Marcelle Da Costa de Delattre,zbecker@example.net,Potier,2025-05-22
875,Auguste de Roussel,bernard19@example.com,Saint StéphanieBourg,2025-05-11
876,Étienne Gaudin de Camus,charrierdorothee@example.net,Boyer,2025-04-26
877,Denis François,da-costaxavier@example.net,Bonnin,2025-04-28
878,Frédérique Barthelemy,lvalentin@example.com,Pelletierboeuf,2025-04-28
879,Alexandrie Bernard,gerardlefevre@example.net,Saint Henri-la-Forêt,2025-05-01
880,Gabriel Michel,barbiernoemi@example.org,Langlois-sur-Bailly,2025-05-06
881,Étienne Jourdan,oguillot@example.com,Riou,2025-05-16
882,Frédéric du Leroux,rouxarthur@example.net,Pottier,2025-04-28
883,Roland Louis,girardcaroline@example.org,BeckerVille,2025-05-16
884,Jean Guillet Le Faure,alix79@example.net,Riou,2025-04-30
885,Aimée-Victoire Pinto,bernadettemorvan@example.com,Sainte Valentine-la-Forêt,2025-04-26
886,Corinne Barthelemy,genevieveferrand@example.org,Peltier-sur-Mer,2025-05-07
887,Lucy Alexandre,hortensegonzalez@example.org,Sainte EmmanuelBourg,2025-05-07
888,Anaïs-Suzanne Breton,padam@example.org,Durandnec,2025-05-04
889,Caroline Arnaud,wgiraud@example.com,CosteVille,2025-05-11
890,Marcel Navarro,plejeune@example.org,Regnier,2025-05-08
891,Zacharie Gérard,margot51@example.net,Becker,2025-05-07
892,Arthur Lemaire,stephanierousseau@example.org,Diaz,2025-04-25
893,Aurélie Le Gauthier,christinemoulin@example.com,Perez,2025-04-30
894,Grégoire Langlois,wpottier@example.net,Merle,2025-05-20
895,Astrid Thibault,monique65@example.com,Millet,2025-05-07
896,Jules Vaillant,vincentjacqueline@example.net,Carre-sur-Lefebvre,2025-05-06
897,Michel de Meunier,christianegillet@example.org,Saint Margaudnec,2025-05-22
898,Margaud Renault,gblot@example.net,Bouvet,2025-05-18
899,Aimé de la Denis,eric63@example.com,Lefebvre,2025-05-12
900,Marine Laporte,dgarcia@example.org,Berthelot,2025-05-16
901,Rémy Le Fabre,jleduc@example.net,Langlois,2025-04-24
902,Charlotte Morel,huguesmasson@example.org,Pereira,2025-05-21
903,Étienne Rodrigues-Marques,gilles38@example.net,Leleu-les-Bains,2025-05-22
904,Édouard Gaudin,lucasblot@example.org,Rey-la-Forêt,2025-05-18
905,Daniel-Laurent Blin,isaacleduc@example.com,Pinto-sur-Dias,2025-05-12
906,Marc Carre,aimee51@example.org,Gimenez-les-Bains,2025-05-06
907,Richard Bernier,susanriou@example.com,Germainboeuf,2025-05-09
908,Gilbert Giraud Le Fournier,devauxelise@example.org,Gay,2025-04-24
909,Aimé Da Silva,franck73@example.net,Gauthier,2025-05-05
910,Jean de la Blot,collinfrancois@example.com,Coste,2025-05-03
911,Paul Parent,francoisgenevieve@example.com,Saint Alphonse,2025-05-18
912,Amélie Evrard-Alexandre,ucolas@example.net,Menard-sur-Normand,2025-05-06
913,André Bigot,alexandre20@example.com,LemonnierVille,2025-05-21
914,Margot Girard,gabrielleguillot@example.org,Saint ÉtienneVille,2025-05-22
915,Benoît François,lombardsophie@example.com,Duval-sur-Mer,2025-05-20
916,Gilbert Gauthier,danielgeorges@example.org,Descamps-sur-Hoarau,2025-05-07
917,Marie Allard de la Charles,anais50@example.net,GuyonVille,2025-05-11
918,Augustin Chevalier,paulinepottier@example.net,Fernandez-sur-Thierry,2025-05-17
919,Corinne Poirier,penelope93@example.org,Georges,2025-05-17
920,Lucie-Véronique Jacob,richardcapucine@example.com,Saint Éricnec,2025-05-11
921,Margaux Dumas,ncaron@example.org,Charles-la-Forêt,2025-05-19
922,Constance de Nguyen,celinelaunay@example.org,Berthelot,2025-05-13
923,Renée Guillaume-Jacob,ulambert@example.com,Sainte Benoîtboeuf,2025-05-22
924,Julien Le Breton,ceciledescamps@example.org,Klein,2025-05-01
925,Louis Julien,penelope03@example.org,Masse,2025-05-09
926,Augustin Guibert,reynaudgabriel@example.com,Dumas,2025-05-01
927,Adrienne-Constance Rémy,lefebvreaimee@example.com,Gauthierboeuf,2025-05-02
928,Vincent Jacob,jean17@example.com,Delaunayboeuf,2025-05-07
929,Jules Rivière de la Renaud,remy00@example.org,Saint Juliette,2025-05-09
930,Édith Delorme,gmathieu@example.org,Guyonnec,2025-04-24
931,Guillaume Rolland,brunethenriette@example.org,Moreldan,2025-05-06
932,Étienne Fleury,diane69@example.com,Saint Audrey,2025-05-04
933,Adrienne Hoareau,margaretletellier@example.org,Gros,2025-05-15
934,Jules Martel de la Valette,clercbernard@example.org,Blanchard,2025-05-15
935,Philippe Vallet,nicolasstephane@example.net,PrévostVille,2025-05-19
936,Océane-Suzanne Hoarau,wribeiro@example.org,Morel,2025-05-06
937,Maurice Brun,thamel@example.org,Caron-les-Bains,2025-05-17
938,Arthur Valentin,chantalmenard@example.com,Girauddan,2025-04-29
939,Christophe Bertrand,jjoly@example.com,Pichon,2025-05-20
940,Alexandrie-Denise Sauvage,cordiermarcel@example.com,Dos Santos,2025-05-08
941,Alexandre Raynaud,aurelie63@example.org,Lamy,2025-05-23
942,Yves Toussaint-Mercier,le-rouxalain@example.org,Gilbertboeuf,2025-04-28
943,Timothée Petit,gilbertjacquot@example.net,Sainte Valentine-la-Forêt,2025-05-13
944,Guillaume Roussel,olivie23@example.net,Maheboeuf,2025-05-11
945,Jacqueline Bouchet,lorraine65@example.net,Sainte Alix,2025-04-24
946,Alexandria Étienne,gilles58@example.net,Sainte BernadetteVille,2025-05-23
947,Hélène Jean-Collin,laetitia61@example.org,Dupuis,2025-05-06
948,Nicole Bodin de Bourdon,weberfrederique@example.com,Jacques-sur-Mer,2025-05-12
949,Charles de la Ledoux,samsonpatrick@example.org,Faure-sur-Dupont,2025-05-12
950,Guillaume-Tristan Bailly,andree29@example.net,Pichonboeuf,2025-05-15
951,Arthur Lefèvre,aimeeimbert@example.com,Leclerc-sur-Bazin,2025-04-24
952,Alexandre Leblanc,dialloanouk@example.org,Alves,2025-04-26
953,Anastasie-Julie Allard,zmenard@example.org,BarreBourg,2025-05-14
954,Édith-Monique Guillet,rene68@example.com,Reyboeuf,2025-05-07
955,Diane Barre,gregoire51@example.com,Sainte BertrandBourg,2025-04-28
956,Paul Jacob-Blondel,susan82@example.org,Duval-sur-Mer,2025-05-21
957,Gabriel Andre Le Alves,maggieclement@example.com,Weiss-sur-Mer,2025-05-08
958,Luc Normand,alexandrie11@example.net,Prévost,2025-04-29
959,Émile Da Silva,aperon@example.org,Nicolasdan,2025-04-25
960,Denise Gillet,langloisines@example.com,Saint Célina-sur-Mer,2025-05-02
961,Aurore Lejeune,alicetanguy@example.org,BousquetVille,2025-05-06
962,Marthe Weber,bourdonalex@example.net,Delaunay,2025-05-04
963,Anaïs Le Pierre,anaismorel@example.org,Barthelemy-sur-Antoine,2025-04-30
964,Édith Le Bernard,aimeemallet@example.com,Teixeira-les-Bains,2025-05-08
965,William Dumont-Lemaître,timothee07@example.com,Roussel,2025-05-04
966,Nathalie Marques,danielle75@example.org,Saint ÉléonoreVille,2025-05-04
967,Suzanne Sauvage,genevieve19@example.com,Maillet-sur-Philippe,2025-05-18
968,Christiane Ledoux,gle-gall@example.org,Sauvage,2025-05-22
969,Grégoire Cohen,adele51@example.com,Delaunay,2025-05-06
970,Joséphine Bodin,alixmartin@example.net,Marques-la-Forêt,2025-05-02
971,Luce Chauvin,patrick03@example.net,Saint Jacquesdan,2025-05-18
972,Inès Mathieu,thibault68@example.com,Sainte Hugues,2025-05-20
973,Stéphane Dufour-Lemoine,guillaumelacroix@example.net,Perrier-sur-Delattre,2025-05-07
974,William Diaz,michele34@example.net,Chevalier,2025-05-02
975,Édouard Fernandes,gimenezmonique@example.org,Guibert,2025-05-20
976,Denis Mercier du Roger,xlaine@example.org,Sainte Suzanne,2025-04-26
977,Jules Roche-Evrard,sfabre@example.net,Gallet,2025-05-09
978,Adèle Dumont-Rodriguez,beckervictoire@example.net,Ledouxnec,2025-04-24
979,Yves-Martin Techer,alain19@example.org,Renault,2025-05-17
980,Jeanne Colin,luce97@example.org,Denis-sur-Olivier,2025-05-11
981,Lucy Rocher,louisparis@example.org,Jean-sur-Bourdon,2025-04-25
982,Marcel Teixeira,usimon@example.com,Masson,2025-05-05
983,Isabelle Traore,alberthenriette@example.com,Jean-sur-Daniel,2025-05-01
984,Arthur Da Costa,olivie14@example.com,Mauricenec,2025-05-14
985,André Legros de la Marques,elise73@example.net,Peltier,2025-04-26
986,Luce Laurent,dominique96@example.org,Guillot,2025-05-18
987,Sylvie Launay,gilbertmarques@example.org,Rivièredan,2025-05-14
988,Tristan Mathieu,grondinantoine@example.net,Laporte-les-Bains,2025-04-25
989,Charles-Arthur Martel,madeleineferrand@example.net,Muller,2025-05-18
990,Corinne Masse,clairebertin@example.net,Cordier,2025-04-24
991,Émile Letellier,alfredschneider@example.com,Regnierboeuf,2025-05-01
992,Susanne-Brigitte Bertrand,aimeevalentin@example.net,MartineauBourg,2025-04-30
993,Laurence Alexandre,denis34@example.com,Hamon,2025-05-20
994,Luce-Madeleine Chevallier,paulettebouvet@example.com,Ponsboeuf,2025-04-24
995,Geneviève Besson,boucherremy@example.com,Sainte Gilles,2025-05-13
996,Alice Launay,anne60@example.com,Sauvage,2025-04-28
997,Suzanne Gros,claudeperrier@example.net,Saint Laurent,2025-05-01
998,Lucas Dupont-Hubert,tlaine@example.net,Le Roux-sur-Mer,2025-04-28
999,Nicolas Costa,susanlegendre@example.net,Colin-la-Forêt,2025-05-09
1000,Michelle Ledoux,gdumas@example.com,Dijoux-sur-Mer,2025-05-15
